INSERT INTO Customer
  ( NameF, NameL, AddressLine1, AddressLine2, City, Zipcode, StateID, CountryID )
VALUES
  ( 'John', 'Smith', '123 Long Way', ' ', 'Nashville', '37011', '41', '188' ),
  ( 'Emily', 'Davis', '41 Avenue', ' ', 'Nashville', '37011', '41', '188' ),
  ( 'Thomas', 'Townsley', '32 HopScotch', ' ', 'Nashville', '37011', '41', '188' ),
  ( 'Todd', 'Taylor', '17 Thirty', ' ', 'Nashville', '37011', '41', '188' ),
  ( 'John', 'Smith', '123 Long Way', ' ', 'Nashville', '37011', '41', '188' ),
  ( 'Andrew', 'Long', '31 Toss', ' ', 'Nashville', '37011', '41', '188' ),
  ( 'Mario', 'Cross', '1st Avenue', ' ', 'Nashville', '37011', '41', '188' ),
  ( 'Samuel', 'Mann', '111 Trenton Road', ' ', 'Clarksville', '37028', '41', '188' ),
  ( 'Sheep', 'Dog', '66 North Road', ' ', 'New York', '44530', '31', '188' ),
  ( 'Sarah', 'Grimm', '15 Windmill Court', 'APT. B', 'Chicago', '31231', '12', '188' ),
  ( 'Tim', 'Courage', '5th Row', ' ', 'Nashville', '37032', '41', '188' ),
  ( 'Amy', 'Thompson', '1 Single Road', ' ', 'Knoxville', '31234', '41', '188' ),
  ( 'Mike', 'Curtis', '7th Avenue', ' ', 'Nashville', '37015', '41', '188' ),
  ( 'Jane', 'Doe', '1 Long Lost Puppy', ' ', 'Clarksville', '37040', '41', '188' );


-- Membership Table

INSERT INTO Membership
  ( CustomerID, ThemeID, StartDate, EndDate, PricePYR, PricePMO )
VALUES
  ( '1', '1', '1', '2', '15.53', '1.08' ),
  ( '2', '2', '1', '2', '10.08', '0.90' ),
  ( '3', '1', '1', '2', '15.53', '1.08' ),
  ( '4', '2', '1', '2', '10.08', '0.90' ),
  ( '5', '1', '1', '2', '15.53', '1.08' ),
  ( '6', '2', '1', '2', '10.08', '0.90' ),
  ( '7', '1', '1', '2', '15.53', '1.08' ),
  ( '8', '2', '1', '2', '10.08', '0.90' ),
  ( '9', '1', '1', '2', '15.53', '1.08' ),
  ( '10', '2', '1', '2', '10.08', '0.90' ),
  ( '11', '1', '1', '2', '15.53', '1.08' ),
  ( '12', '1', '1', '2', '15.53', '1.08' ),
  ( '13', '2', '1', '2', '10.08', '0.90' ),
  ( '14', '1', '1', '2', '15.53', '1.08' );

-- Billing Table

INSERT INTO Billing
  ( CustomerID, PaymentMethod, BillingCycle, PaymentStatus, CurrentBalance )
VALUES
  ( '1', 'VISA', '30', 'Active', '1.08' ),
  ( '2', 'MasterCard', '30', 'Active', '10.28' ),
  ( '3', 'VISA', '30', 'Active', '11.00' ),
  ( '4', 'VISA', '30', 'Active', '0.19' ),
  ( '5', 'Check', '30', 'Active', '82.13' ),
  ( '6', 'VISA', '30', 'Active', '3.17' ),
  ( '7', 'Check', '30', 'Closed', '0.00' ),
  ( '8', 'VISA', '30', 'Active', '18.02' ),
  ( '9', 'VISA', '30', 'Active', '12.30' ),
  ( '10', 'VISA', '360', 'Active', '144.30' ),
  ( '11', 'DEBIT', '30', 'Active', '5.70' ),
  ( '12', 'DEBIT', '30', 'Active', '12.34' ),
  ( '13', 'VISA', '30', 'Active', '14.56' ),
  ( '14', 'VISA', '30', 'Active', '10.01' );



-- Movie Table

INSERT INTO Movie
  ( MovieName, ReleaseDate, MovieDirector, ThemeID )
VALUES
  ( 'VHS', '20100618 10:34:09 AM', 'Dr. Mark Thomas', '1' ),
  ( 'Mr. Snake', '20110618 10:34:09 AM', 'Mr. Big Pillow', '3' ),
  ( 'Captin Marvel', '20120618 10:34:09 AM', 'Mrs. Jane Smith', '10' ),
  ( 'Shark Tank', '20120618 10:34:09 AM', 'Mrs. Carrie Underwood', '7' ),
  ( 'Big Puppy', '20150618 10:34:09 AM', 'Mrs. Emily Smith', '7' ),
  ( 'The Screaming Child', '20140618 10:34:09 AM', 'Mr. Thomas Mister', '7' ),
  ( 'The Lost Keys', '20120618 10:34:09 AM', 'Mr. Curtis Glover', '5' ),
  ( 'Kite Running Fast', '20140618 10:34:09 AM', 'Mr. Edison Franklin', '1' ),
  ( 'Harry The King', '20180618 10:34:09 AM', 'Mr. Max Castle', '1' ),
  ( 'Lost Chickens', '20170618 10:34:09 AM', 'Ms. Kindle Swift', '3' ),
  ( 'Cast Away', '20160618 10:34:09 AM', 'Mrs. Kaylee Espinoza', '2' ),
  ( 'Good Night', '20120618 10:34:09 AM', 'Ms. Zoey Zimmer', '1' );


-- Theme Table

INSERT INTO Theme
  ( ThemeName )
VALUES
  ( 'Absurdist/surreal/whimsical'),
  ( 'Action'),
  ( 'Adventure'),
  ( 'Comedy'),
  ( 'Crime'),
  ( 'Drama'),
  ( 'Fantasy'),
  ( 'Historical'),
  ( 'Historical fiction'),
  ( 'Horror'),
  ( 'Magical realism'),
  ( 'Mystery'),
  ( 'Paranoid Fiction'),
  ( 'Philosophical'),
  ( 'Political'),
  ( 'Romance'),
  ( 'Saga'),
  ( 'Satire'),
  ( 'Science fiction'),
  ( 'Social'),
  ( 'Speculative'),
  ( 'Thriller'),
  ( 'Urban'),
  ( 'Western'),
  ( 'Animation');



-- Customer_History Table

INSERT INTO Customer_History
  ( CustomerID, MovieID, DatePurchased, Price )
VALUES
  ( '1', '1', '20100618 10:34:09 AM', '1.08'),
  ( '1', '2', '20100618 10:34:09 AM', '1.28'),
  ( '1', '3', '20120618 10:34:09 AM', '1.28'),
  ( '1', '4', '20110618 10:34:09 AM', '1.28'),
  ( '2', '1', '20110618 10:34:09 AM', '1.28'),
  ( '2', '1', '20140618 10:34:09 AM', '1.08'),
  ( '2', '1', '20160618 10:34:09 AM', '10.08'),
  ( '3', '1', '20150618 10:34:09 AM', '1.08'),
  ( '1', '5', '20150618 10:34:09 AM', '3.08'),
  ( '1', '6', '20150618 10:34:09 AM', '2.08'),
  ( '6', '1', '20120618 10:34:09 AM', '1.08'),
  ( '3', '1', '20120618 10:34:09 AM', '0.98'),
  ( '5', '1', '20140618 10:34:09 AM', '1.98'),
  ( '7', '1', '20100618 10:34:09 AM', '0.98'),
  ( '8', '1', '20180618 10:34:09 AM', '0.98'),
  ( '9', '1', '20160618 10:34:09 AM', '1.08'),
  ( '10', '1', '20120618 10:34:09 AM', '11.08'),
  ( '11', '1', '20140618 10:34:09 AM', '1.28'),
  ( '12', '1', '20140618 10:34:09 AM', '1.08'),
  ( '13', '1', '20130618 10:34:09 AM', '1.28'),
  ( '14', '1', '20180618 10:34:09 AM', '1.28'),
  ( '12', '1', '20150618 10:34:09 AM', '1.08');




  -- STATE Table
SET IDENTITY_INSERT State_ID ON

INSERT INTO State_ID
  (StateID,  StateName, StateAbbreviation )
VALUES
  ('0','Alabama', 'AL'),
  ('1','Alaska', 'AK'),
  ('2','Arizona', 'AZ'),
  ('3','Arkansas', 'AR'),
  ('4','California', 'CA'),
  ('5','Colorado', 'CO'),
  ('6','Connecticut', 'CT'),
  ('7','Delaware', 'DE'),
  ('8','Florida', 'FL'),
  ('9','Georgia', 'GA'),
  ('10','Hawaii', 'HI'),
  ('11','Idaho', 'ID'),
  ('12','Illinois', 'IL'),
  ('13','Indiana', 'IN'),
  ('14','Iowa', 'IA'),
  ('15','Kansas', 'KS'),
  ('16','Kentucky', 'KY'),
  ('17','Louisiana', 'LA'),
  ('18','Maine', 'ME'),
  ('19','Maryland', 'MD'),
  ('20','Massachusetts', 'MA'),
  ('21','Michigan', 'MI'),
  ('22','Minnesota', 'MN'),
  ('23','Mississippi', 'MS'),
  ('24','Missouri', 'MO'),
  ('25','Montana', 'MT'),
  ('26','Nebraska', 'NE'),
  ('27','Nevada', 'NV'),
  ('28','New Hampshire', 'NH'),
  ('29','New Jersey', 'NJ'),
  ('30','New Mexico', 'NM'),
  ('31','New York', 'NY'),
  ('32','North Carolina', 'NC'),
  ('33','North Dakota', 'ND'),
  ('34','Ohio', 'OH'),
  ('35','Oklahoma', 'OK'),
  ('36','Oregon', 'OR'),
  ('37','Pennsylvania', 'PA'),
  ('38','Rhode Island', 'RI'),
  ('39','South Carolina', 'SC'),
  ('40','South Dakota', 'SD'),
  ('41','Tennessee', 'TN'),
  ('42','Texas', 'TX'),
  ('43','Utah', 'UT'),
  ('44','Vermont', 'VT'),
  ('45','Virginia', 'VA'),
  ('46','Washington', 'WA'),
  ('47','West Virginia', 'WV'),
  ('48','Wisconsin', 'WI'),
  ('49','Wyoming', 'WY');


  -- Country Table


INSERT INTO Country_ID
  (  CountryName )
VALUES
  ('Afghanistan'),
  ('Albania'),
  ('Algeria'),
  ('Andorra'),
  ('Angola'),
  ('Anguilla'),
  ('Antigua & Barbuda'),
  ('Argentina'),
  ('Armenia'),
  ('Australia'),
  ('Austria'),
  ('Azerbaijan'),
  ('Bahamas'),
  ('Bahrain'),
  ('Bangladesh'),
  ('Barbados'),
  ('Belarus'),
  ('Belgium'),
  ('Belize'),
  ('Benin'),
  ('Bermuda'),
  ('Bhutan'),
  ('Bolivia'),
  ('Bosnia & Herzegovina'),
  ('Botswana'),
  ('Brazil'),
  ('Brunei Darussalam'),
  ('Bulgaria'),
  ('Burkina Faso'),
  ('Burundi'),
  ('Cambodia'),
  ('Cameroon'),
  ('Canada'),
  ('Cape Verde'),
  ('Cayman Islands'),
  ('Central African Republic'),
  ('Chad'),
  ('Chile'),
  ('China'),
  ('China - Hong Kong / Macau'),
  ('Colombia'),
  ('Comoros'),
  ('Congo'),
  ('Congo, Democratic Republic of (DRC)'),
  ('Costa Rica'),
  ('Croatia'),
  ('Cuba'),
  ('Cyprus'),
  ('Czech Republic'),
  ('Denmark'),
  ('Djibouti'),
  ('Dominica'),
  ('Dominican Republic'),
  ('Ecuador'),
  ('Egypt'),
  ('El Salvador'),
  ('Equatorial Guinea'),
  ('Eritrea'),
  ('Estonia'),
  ('Ethiopia'),
  ('Fiji'),
  ('Finland'),
  ('France'),
  ('French Guiana'),
  ('Gabon'),
  ('Gambia'),
  ('Georgia'),
  ('Germany'),
  ('Ghana'),
  ('Great Britain'),
  ('Greece'),
  ('Grenada'),
  ('Guadeloupe'),
  ('Guatemala'),
  ('Guinea'),
  ('Guinea-Bissau'),
  ('Guyana'),
  ('Haiti'),
  ('Honduras'),
  ('Hungary'),
  ('Iceland'),
  ('India'),
  ('Indonesia'),
  ('Iran'),
  ('Iraq'),
  ('Israel'),
  ('Italy'),
  ('Ivory Coast (Cote d Ivoire)'),
  ('Jamaica'),
  ('Japan'),
  ('Jordan'),
  ('Kazakhstan'),
  ('Kenya'),
  ('Korea, Democratic Republic of (North Korea)'),
  ('Korea, Republic of (South Korea)'),
  ('Kosovo'),
  ('Kuwait'),
  ('Kyrgyz Republic (Kyrgyzstan)'),
  ('Laos'),
  ('Latvia'),
  ('Lebanon'),
  ('Lesotho'),
  ('Liberia'),
  ('Libya'),
  ('Liechtenstein'),
  ('Lithuania'),
  ('Luxembourg'),
  ('Madagascar'),
  ('Malawi'),
  ('Malaysia'),
  ('Maldives'),
  ('Mali'),
  ('Malta'),
  ('Martinique'),
  ('Mauritania'),
  ('Mauritius'),
  ('Mayotte'),
  ('Mexico'),
  ('Moldova, Republic of'),
  ('Monaco'),
  ('Mongolia'),
  ('Montenegro'),
  ('Montserrat'),
  ('Morocco'),
  ('Mozambique'),
  ('Myanmar/Burma'),
  ('Namibia'),
  ('Nepal'),
  ('New Zealand'),
  ('Nicaragua'),
  ('Niger'),
  ('Nigeria'),
  ('North Macedonia, Republic of'),
  ('Norway'),
  ('Oman'),
  ('Pacific Islands'),
  ('Pakistan'),
  ('Panama'),
  ('Papua New Guinea'),
  ('Paraguay'),
  ('Peru'),
  ('Philippines'),
  ('Poland'),
  ('Portugal'),
  ('Puerto Rico'),
  ('Qatar'),
  ('Reunion'),
  ('Romania'),
  ('Russian Federation'),
  ('Rwanda'),
  ('Saint Kitts and Nevis'),
  ('Saint Lucia'),
  ('Saint Vincent and the Grenadines'),
  ('Samoa'),
  ('Sao Tome and Principe'),
  ('Saudi Arabia'),
  ('Senegal'),
  ('Serbia'),
  ('Seychelles'),
  ('Sierra Leone'),
  ('Singapore'),
  ('Slovak Republic (Slovakia)'),
  ('Slovenia'),
  ('Solomon Islands'),
  ('Somalia'),
  ('South Africa'),
  ('South Sudan'),
  ('Spain'),
  ('Sri Lanka'),
  ('Sudan'),
  ('Suriname'),
  ('Swaziland'),
  ('Sweden'),
  ('Switzerland'),
  ('Syria'),
  ('Tajikistan'),
  ('Tanzania'),
  ('Thailand'),
  ('Netherlands'),
  ('Timor Leste'),
  ('Togo'),
  ('Trinidad & Tobago'),
  ('Tunisia'),
  ('Turkey'),
  ('Turkmenistan'),
  ('Turks & Caicos Islands'),
  ('Uganda'),
  ('Ukraine'),
  ('United Arab Emirates'),
  ('United States of America (USA)'),
  ('Uruguay'),
  ('Uzbekistan'),
  ('Venezuela'),
  ('Vietnam'),
  ('Virgin Islands (UK)'),
  ('Virgin Islands (US)'),
  ('Yemen'),
  ('Zambia'),
  ('Zimbabwe');
